flight_identification_id,flight_identification_row,flight_identification_number_default,flight_identification_number_alternative,flight_identification_callsign,flight_identification_codeshare,flight_status_live,flight_status_text,flight_status_icon,flight_status_estimated,flight_status_ambiguous,flight_status_generic_status_text,flight_status_generic_status_type,flight_status_generic_status_color,flight_status_generic_status_diverted,flight_status_generic_eventTime_utc,flight_status_generic_eventTime_local,flight_aircraft_model_code,flight_aircraft_model_text,flight_aircraft_hex,flight_aircraft_registration,flight_aircraft_serialNo,flight_aircraft_images,flight_owner,flight_airline_name,flight_airline_code_iata,flight_airline_code_icao,flight_airline_short,flight_airport_origin_timezone_name,flight_airport_origin_timezone_offset,flight_airport_origin_timezone_abbr,flight_airport_origin_timezone_abbrName,flight_airport_origin_timezone_isDst,flight_airport_origin_info_terminal,flight_airport_origin_info_baggage,flight_airport_origin_info_gate,flight_airport_destination_code_iata,flight_airport_destination_code_icao,flight_airport_destination_timezone_name,flight_airport_destination_timezone_offset,flight_airport_destination_timezone_abbr,flight_airport_destination_timezone_abbrName,flight_airport_destination_timezone_isDst,flight_airport_destination_info_terminal,flight_airport_destination_info_baggage,flight_airport_destination_info_gate,flight_airport_destination_name,flight_airport_destination_position_latitude,flight_airport_destination_position_longitude,flight_airport_destination_position_country_name,flight_airport_destination_position_country_code,flight_airport_destination_position_country_id,flight_airport_destination_position_region_city,flight_airport_destination_visible,flight_airport_real,flight_time_scheduled_departure,flight_time_scheduled_arrival,flight_time_real_departure,flight_time_real_arrival,flight_time_estimated_departure,flight_time_estimated_arrival,flight_time_other_eta,flight_time_other_duration,flight_aircraft_country_id,flight_aircraft_country_name,flight_aircraft_country_alpha2,flight_aircraft_country_alpha3,flight_aircraft_restricted,flight_aircraft_age_availability,flight_aircraft_availability_serialNo,flight_aircraft_availability_age,flight_owner_name,flight_owner_code_iata,flight_owner_code_icao,flight_owner_logo
,5486985145,OD806,,,,FALSE,Estimated dep 21:30,green,,FALSE,estimated,departure,green,,1711719000,1711747800,738,,,,,,,Batik Air Malaysia,OD,MXD,Batik Air Malaysia,Asia/Singapore,28800,+08,,FALSE,3,,B6,KUL,WMKK,Asia/Kuala_Lumpur,28800,+08,,FALSE,1,,,Kuala Lumpur International Airport,2.745578,101.7099,Malaysia,MY,133,Kuala Lumpur,TRUE,,1711719000,1711722900,,,1711719000,,,,,,,,,,,,,,,
348e4738,5487213098,SQ856,,SIA856,,TRUE,Estimated dep 21:29,green,,FALSE,estimated,departure,green,,1711718940,1711747740,B38M,Boeing 737 MAX 8,76B449,9V-MBI,,,,Singapore Airlines,SQ,SIA,Singapore Airlines,Asia/Singapore,28800,+08,,FALSE,3,,B8,SZX,ZGSZ,Asia/Shanghai,28800,CST,China Standard Time,FALSE,,,,Shenzhen Bao'an International Airport,22.638775,113.803993,China,CN,46,Shenzhen,TRUE,,1711719000,1711734000,,,1711718940,,,,199,Singapore,SG,SGP,FALSE,TRUE,TRUE,TRUE,Singapore Airlines,SQ,SIA,https://images.flightradar24.com/assets/airlines/logotypes/32.png
,5489472483,YG9136,,,,FALSE,Scheduled,,,FALSE,scheduled,departure,gray,,,,75F,,,,,,,YTO Cargo Airlines,YG,HYT,YTO Cargo Airlines,Asia/Singapore,28800,+08,,FALSE,,,,PVG,ZSPD,Asia/Shanghai,28800,CST,China Standard Time,FALSE,,,,Shanghai Pudong International Airport,31.14337,121.805199,China,CN,46,Shanghai,TRUE,,1711719000,1711736100,,,,,,,,,,,,,,,,,,
348e4aaa,5487212444,SQ235,,SIA235,,TRUE,Estimated dep 21:34,green,,FALSE,estimated,departure,green,,1711719240,1711748040,A359,Airbus A350-941,76CD0D,9V-SHM,,,,Singapore Airlines,SQ,SIA,Singapore Airlines,Asia/Singapore,28800,+08,,FALSE,3,,A1,BNE,YBBN,Australia/Brisbane,36000,AEST,Australian Eastern Standard Time,FALSE,I,,,Brisbane Airport,-27.388636,153.126251,Australia,AU,14,Brisbane,TRUE,,1711719300,1711746900,,,1711719240,,,,199,Singapore,SG,SGP,FALSE,TRUE,TRUE,TRUE,Singapore Airlines,SQ,SIA,https://images.flightradar24.com/assets/airlines/logotypes/32.png
,5487038776,TR564,,,,FALSE,Estimated dep 21:40,green,,FALSE,estimated,departure,green,,1711719600,1711748400,320,,,,,,,Scoot,TR,TGW,Scoot,Asia/Singapore,28800,+08,,FALSE,1,,C11,TRZ,VOTR,Asia/Kolkata,19800,IST,India Standard Time,FALSE,,,,Tiruchirappalli International Airport,10.76536,78.709717,India,IN,102,Tiruchirapalli,TRUE,,1711719600,1711734900,,,1711719600,,,,,,,,,,,,,,,
,5487180303,IX687,,,,FALSE,Estimated dep 23:20,red,,FALSE,estimated,departure,red,,1711725600,1711754400,B738,Boeing 737-8HG,8003B0,VT-AXJ,,,,Air India Express (Red Fort-Gwalior Fort Livery),IX,AXB,Air India Express,Asia/Singapore,28800,+08,,FALSE,2,,F35,MAA,VOMM,Asia/Kolkata,19800,IST,India Standard Time,FALSE,3,,,Chennai International Airport,12.99441,80.180511,India,IN,102,Chennai,TRUE,,1711719900,1711735800,,,1711725600,,,,102,India,IN,IND,FALSE,TRUE,TRUE,TRUE,Air India Express,IX,AXB,https://images.flightradar24.com/assets/airlines/logotypes/449.png
,5487211780,SL105,,,,FALSE,Scheduled,,,FALSE,scheduled,departure,gray,,,,738,,,,,,,Thai Lion Air,SL,TLM,Thai Lion Air,Asia/Singapore,28800,+08,,FALSE,3,,A6,DMK,VTBD,Asia/Bangkok,25200,+07,,FALSE,1,1,,Bangkok Don Mueang International Airport,13.9125,100.606697,Thailand,TH,221,Bangkok,TRUE,,1711719900,1711728900,,,,,,,,,,,,,,,,,,
,5487212393,SQ227,,SIA227,,FALSE,Estimated dep 21:50,green,,FALSE,estimated,departure,green,,1711720200,1711749000,A359,Airbus A350-941,76CDAA,9V-SMJ,,,,Singapore Airlines,SQ,SIA,Singapore Airlines,Asia/Singapore,28800,+08,,FALSE,3,,B4,MEL,YMML,Australia/Melbourne,39600,AEDT,Australian Eastern Daylight Time,TRUE,2,,20,Melbourne Airport,-37.665794,144.837296,Australia,AU,14,Melbourne,TRUE,,1711720200,1711746900,,,1711720200,,,,199,Singapore,SG,SGP,FALSE,TRUE,TRUE,TRUE,Singapore Airlines,SQ,SIA,https://images.flightradar24.com/assets/airlines/logotypes/32.png
,5487208531,QZ269,,,,FALSE,Estimated dep 21:55,green,,FALSE,estimated,departure,green,,1711720500,1711749300,A320,Airbus A320-216,8A036B,PK-AXY,,,,AirAsia,AK,AXM,AirAsia,Asia/Singapore,28800,+08,,FALSE,4,,G15,CGK,WIII,Asia/Jakarta,25200,WIB,Western Indonesian Time,FALSE,2,,,Jakarta Soekarno Hatta International Airport,-6.12556,106.6558,Indonesia,"ID",103,Jakarta,TRUE,,1711720500,1711727100,,,1711720500,,,,103,Indonesia,"ID",IDN,FALSE,TRUE,TRUE,TRUE,Indonesia AirAsia,QZ,AWQ,https://images.flightradar24.com/assets/airlines/logotypes/380.png
,5486850576,9C8550,,,,FALSE,Estimated dep 22:02,green,,FALSE,estimated,departure,green,,1711720920,1711749720,320,,,,,,,Spring Airlines,9C,CQH,Spring Airlines,Asia/Singapore,28800,+08,,FALSE,4,,G10,PVG,ZSPD,Asia/Shanghai,28800,CST,China Standard Time,FALSE,2,24,,Shanghai Pudong International Airport,31.14337,121.805199,China,CN,46,Shanghai,TRUE,,1711720800,1711740600,,,1711720920,,,,,,,,,,,,,,,
,5486939401,ID7158,,,,FALSE,Scheduled,,,FALSE,scheduled,departure,gray,,,,32A,,,,,,,Batik Air,"ID",BTK,Batik Air,Asia/Singapore,28800,+08,,FALSE,3,,A13,CGK,WIII,Asia/Jakarta,25200,WIB,Western Indonesian Time,FALSE,2,11,,Jakarta Soekarno Hatta International Airport,-6.12556,106.6558,Indonesia,"ID",103,Jakarta,TRUE,,1711721100,1711728000,,,,,,,,,,,,,,,,,,
,5487212772,SQ468,,,,FALSE,Estimated dep 22:10,green,,FALSE,estimated,departure,green,,1711721400,1711750200,787,,,,,,,Singapore Airlines,SQ,SIA,Singapore Airlines,Asia/Singapore,28800,+08,,FALSE,2,,E28,CMB,VCBI,Asia/Colombo,19800,+0530,,FALSE,,,,Colombo Bandaranaike International Airport,7.181139,79.883789,Sri Lanka,LK,210,Colombo,TRUE,,1711721400,1711735200,,,1711721400,,,,,,,,,,,,,,,
,5489459168,3U9012,,,,FALSE,Scheduled,,,FALSE,scheduled,departure,gray,,,,33F,,,,,,,Sichuan Airlines,3U,CSC,Sichuan Airlines,Asia/Singapore,28800,+08,,FALSE,,,,CTU,ZUUU,Asia/Chongqing,28800,CST,China Standard Time,FALSE,,,,Chengdu Shuangliu International Airport,30.57852,103.946999,China,CN,46,Chengdu,TRUE,,1711721400,1711738800,,,,,,,,,,,,,,,,,,
,5487198438,NH844,NQ844,,,FALSE,Estimated dep 22:20,green,,FALSE,estimated,departure,green,,1711722000,1711750800,789,,,,,,,All Nippon Airways,NH,ANA,All Nippon Airways,Asia/Singapore,28800,+08,,FALSE,2,,E22,HND,RJTT,Asia/Tokyo,32400,JST,Japan Standard Time,FALSE,3,,,Tokyo Haneda International Airport,35.55225,139.779602,Japan,JP,111,Tokyo,TRUE,,1711722000,1711745700,,,1711722000,,,,,,,,,,,,,,,
,5487216206,TR578,,,,FALSE,Estimated dep 22:20,green,,FALSE,estimated,departure,green,,1711722000,1711750800,320,,,,,,,Scoot,TR,TGW,Scoot,Asia/Singapore,28800,+08,,FALSE,1,,C24,MAA,VOMM,Asia/Kolkata,19800,IST,India Standard Time,FALSE,2,,,Chennai International Airport,12.99441,80.180511,India,IN,102,Chennai,TRUE,,1711722000,1711736400,,,1711722000,,,,,,,,,,,,,,,
,5487217284,UA28,,UAL28,,FALSE,Estimated dep 00:05,red,,FALSE,estimated,departure,red,,1711728300,1711757100,B789,Boeing 787-9 Dreamliner,A254DA,N24976,,,,United Airlines,UA,UAL,United Airlines,Asia/Singapore,28800,+08,,FALSE,2,,E26,SFO,KSFO,America/Los_Angeles,-25200,PDT,Pacific Daylight Time,TRUE,I,,A2,San Francisco International Airport,37.618969,-122.374001,United States,US,236,San Francisco,TRUE,,1711722000,1711775400,,,1711728300,,,,236,United States,US,USA,FALSE,TRUE,TRUE,TRUE,United Airlines,UA,UAL,https://images.flightradar24.com/assets/airlines/logotypes/29.png
,5486941294,JL36,,,,FALSE,Estimated dep 22:25,green,,FALSE,estimated,departure,green,,1711722300,1711751100,789,,,,,,,Japan Airlines,JL,JAL,Japan Airlines,Asia/Singapore,28800,+08,,FALSE,1,,D48,HND,RJTT,Asia/Tokyo,32400,JST,Japan Standard Time,FALSE,3,,,Tokyo Haneda International Airport,35.55225,139.779602,Japan,JP,111,Tokyo,TRUE,,1711722300,1711745700,,,1711722300,,,,,,,,,,,,,,,
,5487019408,SQ536,,,,FALSE,Estimated dep 22:25,green,,FALSE,estimated,departure,green,,1711722300,1711751100,7M8,,,,,,,Singapore Airlines,SQ,SIA,Singapore Airlines,Asia/Singapore,28800,+08,,FALSE,3,,B3,COK,VOCI,Asia/Kolkata,19800,IST,India Standard Time,FALSE,3,,,Cochin International Airport,10.151124,76.401924,India,IN,102,Cochin,TRUE,,1711722300,1711738200,,,1711722300,,,,,,,,,,,,,,,
,5487212546,SQ285,,SIA285,,FALSE,Estimated dep 22:25,green,,FALSE,estimated,departure,green,,1711722300,1711751100,A388,Airbus A380-841,76CD74,9V-SKT,,,,Singapore Airlines,SQ,SIA,Singapore Airlines,Asia/Singapore,28800,+08,,FALSE,3,,A10,AKL,NZAA,Pacific/Auckland,46800,NZDT,New Zealand Daylight Time,TRUE,I,,,Auckland Airport,-37.010914,174.790176,New Zealand,NZ,157,Auckland,TRUE,,1711722300,1711758000,,,1711722300,,,,199,Singapore,SG,SGP,FALSE,TRUE,TRUE,TRUE,Singapore Airlines,SQ,SIA,https://images.flightradar24.com/assets/airlines/logotypes/32.png
,5487185136,KE644,,,,FALSE,Estimated dep 22:30,green,,FALSE,estimated,departure,green,,1711722600,1711751400,B773,Boeing 777-3B5,71BD34,HL7534,,,,Korean Air,KE,KAL,Korean Air,Asia/Singapore,28800,+08,,FALSE,4,,G18,ICN,RKSI,Asia/Seoul,32400,KST,Korea Standard Time,FALSE,2,,,Seoul Incheon International Airport,37.46907,126.4505,South Korea,KR,207,Seoul,TRUE,,1711722600,1711745100,,,1711722600,,,,207,South Korea,KR,KOR,FALSE,TRUE,TRUE,TRUE,Korean Air,KE,KAL,https://images.flightradar24.com/assets/airlines/logotypes/91.png
,5487216235,TR808,,,,FALSE,Estimated dep 22:30,green,,FALSE,estimated,departure,green,,1711722600,1711751400,789,,,,,,,Scoot,TR,TGW,Scoot,Asia/Singapore,28800,+08,,FALSE,1,,D37,NRT,RJAA,Asia/Tokyo,32400,JST,Japan Standard Time,FALSE,1,,,Tokyo Narita International Airport,35.764721,140.386307,Japan,JP,111,Tokyo,TRUE,,1711722600,1711746900,,,1711722600,,,,,,,,,,,,,,,
,5486870560,AK720,,,,FALSE,Estimated dep 22:35,green,,FALSE,estimated,departure,green,,1711722900,1711751700,A320,Airbus A320-216,7502AD,9M-AQN,,,,AirAsia,AK,AXM,AirAsia,Asia/Singapore,28800,+08,,FALSE,4,,G1,KUL,WMKK,Asia/Kuala_Lumpur,28800,+08,,FALSE,2,,,Kuala Lumpur International Airport,2.745578,101.7099,Malaysia,MY,133,Kuala Lumpur,TRUE,,1711722900,1711726500,,,1711722900,,,,133,Malaysia,MY,MYS,FALSE,TRUE,TRUE,TRUE,AirAsia,AK,AXM,https://images.flightradar24.com/assets/airlines/logotypes/25.png
,5486955920,LD316,,,,FALSE,Scheduled,,,FALSE,scheduled,departure,gray,,,,33Y,,,,,,,Air Hong Kong,LD,AHK,Air Hong Kong,Asia/Singapore,28800,+08,,FALSE,,,,HKG,VHHH,Asia/Hong_Kong,28800,HKT,Hong Kong Time,FALSE,,,,Hong Kong International Airport,22.309616,113.916237,Hong Kong,HK,99,Hong Kong,TRUE,,1711723200,1711737300,,,,,,,,,,,,,,,,,,
,5487213286,SQ968,,,,FALSE,Estimated dep 22:40,green,,FALSE,estimated,departure,green,,1711723200,1711752000,77W,,,,,,,Singapore Airlines,SQ,SIA,Singapore Airlines,Asia/Singapore,28800,+08,,FALSE,2,,E24,CGK,WIII,Asia/Jakarta,25200,WIB,Western Indonesian Time,FALSE,3,,,Jakarta Soekarno Hatta International Airport,-6.12556,106.6558,Indonesia,"ID",103,Jakarta,TRUE,,1711723200,1711729500,,,1711723200,,,,,,,,,,,,,,,
,5487148169,AY132,,FIN132,,FALSE,Estimated dep 22:55,green,,FALSE,estimated,departure,green,,1711724100,1711752900,A359,Airbus A350-941,461F54,OH-LWM,,,,Finnair,AY,FIN,Finnair,Asia/Singapore,28800,+08,,FALSE,1,,D32,HEL,EFHK,Europe/Helsinki,7200,EET,Eastern European Time,FALSE,,2,,Helsinki Vantaa Airport,60.325657,24.968779,Finland,FI,75,Helsinki,TRUE,,1711723500,1711772700,,,1711724100,,,,75,Finland,FI,FIN,FALSE,TRUE,TRUE,TRUE,Finnair,AY,FIN,https://images.flightradar24.com/assets/airlines/logotypes/21.png
,5487212902,SQ636,,,,FALSE,Estimated dep 22:45,green,,FALSE,estimated,departure,green,,1711723500,1711752300,77W,,,,,,,Singapore Airlines,SQ,SIA,Singapore Airlines,Asia/Singapore,28800,+08,,FALSE,2,,F59,HND,RJTT,Asia/Tokyo,32400,JST,Japan Standard Time,FALSE,3,,,Tokyo Haneda International Airport,35.55225,139.779602,Japan,JP,111,Tokyo,TRUE,,1711723500,1711747200,,,1711723500,,,,,,,,,,,,,,,
,5487169836,FD352,,,,FALSE,Estimated dep 23:41,red,,FALSE,estimated,departure,red,,1711726860,1711755660,A320,Airbus A320-216,880856,HS-BBV,,,,AirAsia,AK,AXM,AirAsia,Asia/Singapore,28800,+08,,FALSE,4,,G7,DMK,VTBD,Asia/Bangkok,25200,+07,,FALSE,1,,,Bangkok Don Mueang International Airport,13.9125,100.606697,Thailand,TH,221,Bangkok,TRUE,,1711723800,1711732500,,,1711726860,,,,221,Thailand,TH,THA,FALSE,TRUE,TRUE,TRUE,Thai AirAsia,FD,AIQ,https://images.flightradar24.com/assets/airlines/logotypes/376.png
,5487216202,TR566,,,,FALSE,Estimated dep 22:50,green,,FALSE,estimated,departure,green,,1711723800,1711752600,320,,,,,,,Scoot,TR,TGW,Scoot,Asia/Singapore,28800,+08,,FALSE,1,,C16,TRZ,VOTR,Asia/Kolkata,19800,IST,India Standard Time,FALSE,,,,Tiruchirappalli International Airport,10.76536,78.709717,India,IN,102,Tiruchirapalli,TRUE,,1711723800,1711739100,,,1711723800,,,,,,,,,,,,,,,
,5487144065,AK1726,,,,FALSE,Estimated dep 22:55,green,,FALSE,estimated,departure,green,,1711724100,1711752900,A320,Airbus A320-216,750148,9M-AFV,,,,AirAsia (Legend Heroes Park Livery),AK,AXM,AirAsia,Asia/Singapore,28800,+08,,FALSE,4,,G8,PEN,WMKP,Asia/Kuala_Lumpur,28800,+08,,FALSE,,,,Penang International Airport,5.297139,100.276802,Malaysia,MY,133,Penang,TRUE,,1711724100,1711728900,,,1711724100,,,,133,Malaysia,MY,MYS,FALSE,TRUE,TRUE,TRUE,AirAsia,AK,AXM,https://images.flightradar24.com/assets/airlines/logotypes/25.png
,5486975553,MU566,,,,FALSE,Estimated dep 23:00,green,,FALSE,estimated,departure,green,,1711724400,1711753200,A359,Airbus A350-941,781F41,B-32DW,,,,China Eastern Airlines,MU,CES,China Eastern Airlines,Asia/Singapore,28800,+08,,FALSE,3,,B1,PVG,ZSPD,Asia/Shanghai,28800,CST,China Standard Time,FALSE,1,13,,Shanghai Pudong International Airport,31.14337,121.805199,China,CN,46,Shanghai,TRUE,,1711724400,1711743000,,,1711724400,,,,46,China,CN,CHN,FALSE,TRUE,TRUE,TRUE,China Eastern Airlines,MU,CES,https://images.flightradar24.com/assets/airlines/logotypes/131.png
,5487143519,AI383,,,,FALSE,Estimated dep 23:00,green,,FALSE,estimated,departure,green,,1711724400,1711753200,32N,,,,,,,Air India,AI,AIC,Air India,Asia/Singapore,28800,+08,,FALSE,2,,F37,DEL,VIDP,Asia/Kolkata,19800,IST,India Standard Time,FALSE,3,10,,Delhi Indira Gandhi International Airport,28.5665,77.103081,India,IN,102,Delhi,TRUE,,1711724400,1711747200,,,1711724400,,,,,,,,,,,,,,,
,5486864581,AF257,,AFR257,,FALSE,Estimated dep 23:15,green,,FALSE,estimated,departure,green,,1711725300,1711754100,B77W,Boeing 777-328(ER),394A14,F-GSQU,,,,Air France,AF,AFR,Air France,Asia/Singapore,28800,+08,,FALSE,1,,D34,CDG,LFPG,Europe/Paris,3600,CET,Central European Time,FALSE,2E,33,,Paris Charles de Gaulle Airport,49.012516,2.555752,France,FR,76,Paris,TRUE,,1711724700,1711775400,,,1711725300,,,,76,France,FR,FRA,FALSE,TRUE,TRUE,TRUE,Air France,AF,AFR,https://images.flightradar24.com/assets/airlines/logotypes/15.png
,5486892292,CV7675,,,,FALSE,Scheduled,,,FALSE,scheduled,departure,gray,,,,74F,,,,,,,Cargolux,CV,CLX,Cargolux,Asia/Singapore,28800,+08,,FALSE,,,,KUL,WMKK,Asia/Kuala_Lumpur,28800,+08,,FALSE,,,,Kuala Lumpur International Airport,2.745578,101.7099,Malaysia,MY,133,Kuala Lumpur,TRUE,,1711724700,1711729500,,,,,,,,,,,,,,,,,,
,5487149241,BA16,,BAW16,,FALSE,Estimated dep 23:15,green,,FALSE,estimated,departure,green,,1711725300,1711754100,B77W,Boeing 777-336(ER),4065DE,G-STBF,,,,British Airways,BA,BAW,British Airways,Asia/Singapore,28800,+08,,FALSE,1,,C26,LHR,EGLL,Europe/London,0,GMT,Greenwich Mean Time,FALSE,5,,,London Heathrow Airport,51.471626,-0.467081,United Kingdom,GB,235,London,TRUE,,1711724700,1711776300,,,1711725300,,,,235,United Kingdom,GB,GBR,FALSE,TRUE,TRUE,TRUE,British Airways,BA,BAW,https://images.flightradar24.com/assets/airlines/logotypes/5.png
,5486870125,AI395,,,,FALSE,Estimated dep 23:15,green,,FALSE,estimated,departure,green,,1711725300,1711754100,32N,,,,,,,Air India,AI,AIC,Air India,Asia/Singapore,28800,+08,,FALSE,2,,F36,BOM,VABB,Asia/Kolkata,19800,IST,India Standard Time,FALSE,2,,,Mumbai Chhatrapati Shivaji International Airport,19.08868,72.867912,India,IN,102,Mumbai,TRUE,,1711725300,1711746300,,,1711725300,,,,,,,,,,,,,,,
,5486932852,HO1606,,,,FALSE,Estimated dep 23:15,green,,FALSE,estimated,departure,green,,1711725300,1711754100,32N,,,,,,,Juneyao Air,HO,DKH,Juneyao Air,Asia/Singapore,28800,+08,,FALSE,4,,G12,PVG,ZSPD,Asia/Shanghai,28800,CST,China Standard Time,FALSE,2,26,,Shanghai Pudong International Airport,31.14337,121.805199,China,CN,46,Shanghai,TRUE,,1711725300,1711744800,,,1711725300,,,,,,,,,,,,,,,
,5487020248,SQ7296,,,,FALSE,Scheduled,,,FALSE,scheduled,departure,gray,,,,74F,,,,,,,Singapore Airlines,SQ,SIA,Singapore Airlines,Asia/Singapore,28800,+08,,FALSE,,,,SYD,YSSY,Australia/Sydney,39600,AEDT,Australian Eastern Daylight Time,TRUE,,,,Sydney Kingsford Smith Airport,-33.946098,151.1772,Australia,AU,14,Sydney,TRUE,,1711725300,1711753200,,,,,,,,,,,,,,,,,,
,5487149221,BA12,,BAW12,,FALSE,Estimated dep 23:25,green,,FALSE,estimated,departure,green,,1711725900,1711754700,B789,Boeing 787-9 Dreamliner,406F72,G-ZBKF,,,,British Airways,BA,BAW,British Airways,Asia/Singapore,28800,+08,,FALSE,1,,D36,LHR,EGLL,Europe/London,0,GMT,Greenwich Mean Time,FALSE,5,,,London Heathrow Airport,51.471626,-0.467081,United Kingdom,GB,235,London,TRUE,,1711725300,1711776600,,,1711725900,,,,235,United Kingdom,GB,GBR,FALSE,TRUE,TRUE,TRUE,British Airways,BA,BAW,https://images.flightradar24.com/assets/airlines/logotypes/5.png
,5487204182,QF1,,QFA1,,FALSE,Estimated dep 23:35,green,,FALSE,estimated,departure,green,,1711726500,1711755300,A388,Airbus A380-842,7C4926,VH-OQG,,,,Qantas,QF,QFA,Qantas,Asia/Singapore,28800,+08,,FALSE,1,,D46,LHR,EGLL,Europe/London,0,GMT,Greenwich Mean Time,FALSE,3,,,London Heathrow Airport,51.471626,-0.467081,United Kingdom,GB,235,London,TRUE,,1711725900,1711779300,,,1711726500,,,,14,Australia,AU,AUS,FALSE,TRUE,TRUE,TRUE,Qantas,QF,QFA,https://images.flightradar24.com/assets/airlines/logotypes/33.png
,5487243660,6E1028,,,,FALSE,Estimated dep 23:25,green,,FALSE,estimated,departure,green,,1711725900,1711754700,A320,Airbus A320-232,800756,VT-IFH,,,,IndiGo,6E,IGO,IndiGo,Asia/Singapore,28800,+08,,FALSE,2,,E11,HYD,VOHS,Asia/Kolkata,19800,IST,India Standard Time,FALSE,,10,,Hyderabad Rajiv Gandhi International Airport,17.23,78.431946,India,IN,102,Hyderabad,TRUE,,1711725900,1711742400,,,1711725900,,,,102,India,IN,IND,FALSE,TRUE,TRUE,TRUE,IndiGo,6E,IGO,https://images.flightradar24.com/assets/airlines/logotypes/783.png
,5487202166,OZ752,,,,FALSE,Estimated dep 23:30,green,,FALSE,estimated,departure,green,,1711726200,1711755000,359,,,,,,,Asiana Airlines,OZ,AAR,Asiana Airlines,Asia/Singapore,28800,+08,,FALSE,3,,A16,ICN,RKSI,Asia/Seoul,32400,KST,Korea Standard Time,FALSE,1,,,Seoul Incheon International Airport,37.46907,126.4505,South Korea,KR,207,Seoul,TRUE,,1711726200,1711749000,,,1711726200,,,,,,,,,,,,,,,
,5487212863,SQ616,,,,FALSE,Estimated dep 23:30,green,,FALSE,estimated,departure,green,,1711726200,1711755000,7M8,,,,,,,Singapore Airlines,SQ,SIA,Singapore Airlines,Asia/Singapore,28800,+08,,FALSE,2,,F52,PUS,RKPK,Asia/Seoul,32400,KST,Korea Standard Time,FALSE,I,,,Busan Gimhae International Airport,35.17952,128.938202,South Korea,KR,207,Busan,TRUE,,1711726200,1711748100,,,1711726200,,,,,,,,,,,,,,,
,5487025882,TK55,,THY55,,FALSE,Estimated dep 23:45,green,,FALSE,estimated,departure,green,,1711727100,1711755900,B77W,Boeing 777-3F2(ER),4BA949,TC-JJI,,,,Turkish Airlines,TK,THY,Turkish Airlines,Asia/Singapore,28800,+08,,FALSE,1,,C15,IST,LTFM,Europe/Istanbul,10800,+03,,FALSE,,,,Istanbul Airport,41.267052,28.729757,Turkey,TR,228,Istanbul,TRUE,,1711726500,1711768200,,,1711727100,,,,228,Turkey,TR,TUR,FALSE,TRUE,TRUE,TRUE,Turkish Airlines,TK,THY,https://images.flightradar24.com/assets/airlines/logotypes/39.png
,5486870562,AK722,,,,FALSE,Estimated dep 00:30,red,,FALSE,estimated,departure,red,,1711729800,1711758600,A20N,Airbus A320-251N,750470,9M-AGV,,,,AirAsia,AK,AXM,AirAsia,Asia/Singapore,28800,+08,,FALSE,4,,G12,KUL,WMKK,Asia/Kuala_Lumpur,28800,+08,,FALSE,2,,,Kuala Lumpur International Airport,2.745578,101.7099,Malaysia,MY,133,Kuala Lumpur,TRUE,,1711726800,1711730400,,,1711729800,,,,133,Malaysia,MY,MYS,FALSE,TRUE,TRUE,TRUE,AirAsia,AK,AXM,https://images.flightradar24.com/assets/airlines/logotypes/25.png
,5486992216,QF38,,,,FALSE,Estimated dep 23:40,green,,FALSE,estimated,departure,green,,1711726800,1711755600,332,,,,,,,Qantas,QF,QFA,Qantas,Asia/Singapore,28800,+08,,FALSE,1,,C18,MEL,YMML,Australia/Melbourne,39600,AEDT,Australian Eastern Daylight Time,TRUE,2,,4,Melbourne Airport,-37.665794,144.837296,Australia,AU,14,Melbourne,TRUE,,1711726800,1711753800,,,1711726800,,,,,,,,,,,,,,,
,5487212465,SQ279,,SIA279,,FALSE,Estimated dep 23:40,green,,FALSE,estimated,departure,green,,1711726800,1711755600,B78X,Boeing 787-10 Dreamliner,76CC6A,9V-SCJ,,,,Singapore Airlines,SQ,SIA,Singapore Airlines,Asia/Singapore,28800,+08,,FALSE,3,,A2,ADL,YPAD,Australia/Adelaide,37800,ACDT,Australian Central Daylight Time,TRUE,1,,16,Adelaide Airport,-34.947392,138.533417,Australia,AU,14,Adelaide,TRUE,,1711726800,1711751700,,,1711726800,,,,199,Singapore,SG,SGP,FALSE,TRUE,TRUE,TRUE,Singapore Airlines,SQ,SIA,https://images.flightradar24.com/assets/airlines/logotypes/32.png
,5487019335,SQ356,,SIA356,,FALSE,Estimated dep 23:55,green,,FALSE,estimated,departure,green,,1711727700,1711756500,A359,Airbus A350-941,76CDB9,9V-SMY,,,,Singapore Airlines,SQ,SIA,Singapore Airlines,Asia/Singapore,28800,+08,,FALSE,3,,B5,MXP,LIMC,Europe/Rome,3600,CET,Central European Time,FALSE,1,,,Milan Malpensa Airport,45.6306,8.728111,Italy,IT,109,Milan,TRUE,,1711727100,1711774500,,,1711727700,,,,199,Singapore,SG,SGP,FALSE,TRUE,TRUE,TRUE,Singapore Airlines,SQ,SIA,https://images.flightradar24.com/assets/airlines/logotypes/32.png
,5487191355,LH791,,DLH791,,FALSE,Estimated dep 23:55,green,,FALSE,estimated,departure,green,,1711727700,1711756500,A359,Airbus A350-941,3C670F,D-AIXO,,,,Lufthansa,LH,DLH,Lufthansa,Asia/Singapore,28800,+08,,FALSE,2,,F42,MUC,EDDM,Europe/Berlin,3600,CET,Central European Time,FALSE,2,,H8,Munich Airport,48.353779,11.78608,Germany,DE,83,Munich,TRUE,,1711727100,1711773900,,,1711727700,,,,83,Germany,DE,DEU,FALSE,TRUE,TRUE,TRUE,Lufthansa,LH,DLH,https://images.flightradar24.com/assets/airlines/logotypes/1.png
,5487212622,SQ322,,SIA322,,FALSE,Estimated dep 23:55,green,,FALSE,estimated,departure,green,,1711727700,1711756500,A388,Airbus A380-841,76CD7A,9V-SKZ,,,,Singapore Airlines,SQ,SIA,Singapore Airlines,Asia/Singapore,28800,+08,,FALSE,3,,B7,LHR,EGLL,Europe/London,0,GMT,Greenwich Mean Time,FALSE,2,,,London Heathrow Airport,51.471626,-0.467081,United Kingdom,GB,235,London,TRUE,,1711727100,1711778100,,,1711727700,,,,199,Singapore,SG,SGP,FALSE,TRUE,TRUE,TRUE,Singapore Airlines,SQ,SIA,https://images.flightradar24.com/assets/airlines/logotypes/32.png
,5487153317,CA970,,,,FALSE,Estimated dep 23:55,green,,FALSE,estimated,departure,green,,1711727700,1711756500,789,,,,,,,Air China,CA,CCA,Air China,Asia/Singapore,28800,+08,,FALSE,1,,C13,PEK,ZBAA,Asia/Shanghai,28800,CST,China Standard Time,FALSE,3,41,,Beijing Capital International Airport,40.084152,116.592735,China,CN,46,Beijing,TRUE,,1711727700,1711749900,,,1711727700,,,,,,,,,,,,,,,
,5487191347,LH779,,DLH779,,FALSE,Estimated dep 00:05,green,,FALSE,estimated,departure,green,,1711728300,1711757100,B748,Boeing 747-830,3C4B2B,D-ABYK,,,,Lufthansa,LH,DLH,Lufthansa,Asia/Singapore,28800,+08,,FALSE,2,,F60,FRA,EDDF,Europe/Berlin,3600,CET,Central European Time,FALSE,1,,Z25,Frankfurt Airport,50.037796,8.555783,Germany,DE,83,Frankfurt,TRUE,,1711727700,1711775400,,,1711728300,,,,83,Germany,DE,DEU,FALSE,TRUE,TRUE,TRUE,Lufthansa,LH,DLH,https://images.flightradar24.com/assets/airlines/logotypes/1.png
,5487208535,QZ275,,,,FALSE,Estimated dep 23:55,green,,FALSE,estimated,departure,green,,1711727700,1711756500,A320,Airbus A320-216,8A0320,PK-AXX,,,,AirAsia,AK,AXM,AirAsia,Asia/Singapore,28800,+08,,FALSE,4,,G10,CGK,WIII,Asia/Jakarta,25200,WIB,Western Indonesian Time,FALSE,2,,,Jakarta Soekarno Hatta International Airport,-6.12556,106.6558,Indonesia,"ID",103,Jakarta,TRUE,,1711727700,1711734000,,,1711727700,,,,103,Indonesia,"ID",IDN,FALSE,TRUE,TRUE,TRUE,Indonesia AirAsia,QZ,AWQ,https://images.flightradar24.com/assets/airlines/logotypes/380.png
,5487211968,SQ26,,SIA26,,FALSE,Estimated dep 00:05,green,,FALSE,estimated,departure,green,,1711728300,1711757100,B77W,Boeing 777-312(ER),76CEF2,9V-SWR,,,,Singapore Airlines,SQ,SIA,Singapore Airlines,Asia/Singapore,28800,+08,,FALSE,3,,C1,FRA,EDDF,Europe/Berlin,3600,CET,Central European Time,FALSE,1,,,Frankfurt Airport,50.037796,8.555783,Germany,DE,83,Frankfurt,TRUE,,1711727700,1711776000,,,1711728300,,,,199,Singapore,SG,SGP,FALSE,TRUE,TRUE,TRUE,Singapore Airlines,SQ,SIA,https://images.flightradar24.com/assets/airlines/logotypes/32.png
,5487212646,SQ324,,SIA324,,FALSE,Estimated dep 00:05,green,,FALSE,estimated,departure,green,,1711728300,1711757100,A359,Airbus A350-941,76CDB3,9V-SMS,,,,Singapore Airlines,SQ,SIA,Singapore Airlines,Asia/Singapore,28800,+08,,FALSE,3,,A3,AMS,EHAM,Europe/Amsterdam,3600,CET,Central European Time,FALSE,,,,Amsterdam Schiphol Airport,52.308609,4.763889,Netherlands,NL,155,Amsterdam,TRUE,,1711727700,1711777500,,,1711728300,,,,199,Singapore,SG,SGP,FALSE,TRUE,TRUE,TRUE,Singapore Airlines,SQ,SIA,https://images.flightradar24.com/assets/airlines/logotypes/32.png
,5487212907,SQ638,,,,FALSE,Estimated dep 23:55,green,,FALSE,estimated,departure,green,,1711727700,1711756500,388,,,,,,,Singapore Airlines,SQ,SIA,Singapore Airlines,Asia/Singapore,28800,+08,,FALSE,2,,E8,NRT,RJAA,Asia/Tokyo,32400,JST,Japan Standard Time,FALSE,1,,,Tokyo Narita International Airport,35.764721,140.386307,Japan,JP,111,Tokyo,TRUE,,1711727700,1711751400,,,1711727700,,,,,,,,,,,,,,,
,5486964192,LX177,,SWR177,,FALSE,Estimated dep 00:15,green,,FALSE,estimated,departure,green,,1711728900,1711757700,B77W,Boeing 777-3DE(ER),4B1919,HB-JND,,,,Swiss,LX,SWR,Swiss,Asia/Singapore,28800,+08,,FALSE,2,,F54,ZRH,LSZH,Europe/Zurich,3600,CET,Central European Time,FALSE,2,,E22,Zurich Airport,47.464722,8.549167,Switzerland,CH,216,Zurich,TRUE,,1711728300,1711775400,,,1711728900,,,,216,Switzerland,CH,CHE,FALSE,TRUE,TRUE,TRUE,Swiss,LX,SWR,https://images.flightradar24.com/assets/airlines/logotypes/9.png
,5487645664,SQ608,,,,FALSE,Scheduled,,,FALSE,scheduled,departure,gray,,,,787,,,,,,,Singapore Airlines,SQ,SIA,Singapore Airlines,Asia/Singapore,28800,+08,,FALSE,2,,E22,ICN,RKSI,Asia/Seoul,32400,KST,Korea Standard Time,FALSE,1,,,Seoul Incheon International Airport,37.46907,126.4505,South Korea,KR,207,Seoul,TRUE,,1711728600,1711751700,,,,,,,,,,,,,,,,,,
,5487645509,SQ336,,SIA336,,FALSE,Estimated dep 00:25,green,,FALSE,estimated,departure,green,,1711729500,1711758300,B77W,Boeing 777-312(ER),76CEF4,9V-SWT,,,,Singapore Airlines,SQ,SIA,Singapore Airlines,Asia/Singapore,28800,+08,,FALSE,3,,A14,CDG,LFPG,Europe/Paris,3600,CET,Central European Time,FALSE,1,,,Paris Charles de Gaulle Airport,49.012516,2.555752,France,FR,76,Paris,TRUE,,1711728900,1711779300,,,1711729500,,,,199,Singapore,SG,SGP,FALSE,TRUE,TRUE,TRUE,Singapore Airlines,SQ,SIA,https://images.flightradar24.com/assets/airlines/logotypes/32.png
,5486991239,PR510,,,,FALSE,Estimated dep 00:20,green,,FALSE,estimated,departure,green,,1711729200,1711758000,321,,,,,,,Philippine Airlines,PR,PAL,Philippine Airlines,Asia/Singapore,28800,+08,,FALSE,1,,D30,MNL,RPLL,Asia/Manila,28800,PST,,FALSE,1,,,Manila Ninoy Aquino International Airport,14.50864,121.019501,Philippines,PH,174,Manila,TRUE,,1711729200,1711743000,,,1711729200,,,,,,,,,,,,,,,
,5487629485,MU544,,,,FALSE,Estimated dep 00:25,green,,FALSE,estimated,departure,green,,1711729500,1711758300,A333,Airbus A330-343,781104,B-8968,,,,China Eastern Airlines,MU,CES,China Eastern Airlines,Asia/Singapore,28800,+08,,FALSE,3,,A18,PVG,ZSPD,Asia/Shanghai,28800,CST,China Standard Time,FALSE,1,15,,Shanghai Pudong International Airport,31.14337,121.805199,China,CN,46,Shanghai,TRUE,,1711729500,1711748400,,,1711729500,,,,46,China,CN,CHN,FALSE,TRUE,TRUE,TRUE,China Eastern Airlines,MU,CES,https://images.flightradar24.com/assets/airlines/logotypes/131.png
,5487645230,SQ225,,SIA225,,FALSE,Estimated dep 00:25,green,,FALSE,estimated,departure,green,,1711729500,1711758300,B78X,Boeing 787-10 Dreamliner,76CC6B,9V-SCK,,,,Singapore Airlines,SQ,SIA,Singapore Airlines,Asia/Singapore,28800,+08,,FALSE,3,,A4,PER,YPPH,Australia/Perth,28800,AWST,Australian Western Standard Time,FALSE,1,,,Perth Airport,-31.940201,115.966904,Australia,AU,14,Perth,TRUE,,1711729500,1711747500,,,1711729500,,,,199,Singapore,SG,SGP,FALSE,TRUE,TRUE,TRUE,Singapore Airlines,SQ,SIA,https://images.flightradar24.com/assets/airlines/logotypes/32.png
,5487645330,SQ237,,SIA237,,FALSE,Estimated dep 00:25,green,,FALSE,estimated,departure,green,,1711729500,1711758300,A359,Airbus A350-941,76CDA6,9V-SMF,,,,"Singapore Airlines (10,000th Airbus Sticker)",SQ,SIA,Singapore Airlines,Asia/Singapore,28800,+08,,FALSE,3,,A15,MEL,YMML,Australia/Melbourne,39600,AEDT,Australian Eastern Daylight Time,TRUE,2,,20,Melbourne Airport,-37.665794,144.837296,Australia,AU,14,Melbourne,TRUE,,1711729500,1711756200,,,1711729500,,,,199,Singapore,SG,SGP,FALSE,TRUE,TRUE,TRUE,Singapore Airlines,SQ,SIA,https://images.flightradar24.com/assets/airlines/logotypes/32.png
,5487645489,SQ328,,SIA328,,FALSE,Estimated dep 00:35,green,,FALSE,estimated,departure,green,,1711730100,1711758900,A359,Airbus A350-941,76CD42,9V-SJB,,,,Singapore Airlines,SQ,SIA,Singapore Airlines,Asia/Singapore,28800,+08,,FALSE,3,,B8,MUC,EDDM,Europe/Berlin,3600,CET,Central European Time,FALSE,2,,H28,Munich Airport,48.353779,11.78608,Germany,DE,83,Munich,TRUE,,1711729500,1711777200,,,1711730100,,,,199,Singapore,SG,SGP,FALSE,TRUE,TRUE,TRUE,Singapore Airlines,SQ,SIA,https://images.flightradar24.com/assets/airlines/logotypes/32.png
,5487645515,SQ352,,SIA352,,FALSE,Estimated dep 00:35,green,,FALSE,estimated,departure,green,,1711730100,1711758900,A359,Airbus A350-941,76CDB2,9V-SMR,,,,Singapore Airlines,SQ,SIA,Singapore Airlines,Asia/Singapore,28800,+08,,FALSE,3,,B4,CPH,EKCH,Europe/Copenhagen,3600,CET,Central European Time,FALSE,3,,,Copenhagen Airport,55.616959,12.645637,Denmark,DK,61,Copenhagen,TRUE,,1711729500,1711779000,,,1711730100,,,,199,Singapore,SG,SGP,FALSE,TRUE,TRUE,TRUE,Singapore Airlines,SQ,SIA,https://images.flightradar24.com/assets/airlines/logotypes/32.png
,5487343084,EK353,,,,FALSE,Estimated dep 00:30,green,,FALSE,estimated,departure,green,,1711729800,1711758600,A388,Airbus A380-861,896194,A6-EEU,,,,Emirates (Destination Dubai Livery),EK,UAE,Emirates,Asia/Singapore,28800,+08,,FALSE,1,,C25,DXB,OMDB,Asia/Dubai,14400,+04,,FALSE,3,,,Dubai International Airport,25.252769,55.364441,United Arab Emirates,AE,234,Dubai,TRUE,,1711729800,1711757400,,,1711729800,,,,234,United Arab Emirates,AE,ARE,FALSE,TRUE,TRUE,TRUE,Emirates,EK,UAE,https://images.flightradar24.com/assets/airlines/logotypes/31.png
,5487610928,GI4362,,,,FALSE,Scheduled,,,FALSE,scheduled,departure,gray,,,,73F,,,,,,,Air Central,GI,LHA,Air Central,Asia/Singapore,28800,+08,,FALSE,,,,SZX,ZGSZ,Asia/Shanghai,28800,CST,China Standard Time,FALSE,,,,Shenzhen Bao'an International Airport,22.638775,113.803993,China,CN,46,Shenzhen,TRUE,,1711730400,1711745100,,,,,,,,,,,,,,,,,,
,5487644911,SQ22,,SIA22,,FALSE,Estimated dep 00:50,green,,FALSE,estimated,departure,green,,1711731000,1711759800,A359,,,,,,,Singapore Airlines,SQ,SIA,Singapore Airlines,Asia/Singapore,28800,+08,,FALSE,3,,B9,EWR,KEWR,America/New_York,-14400,EDT,Eastern Daylight Time,TRUE,B,6,53,New York Newark Liberty International Airport,40.692501,-74.168602,United States,US,236,New York,TRUE,,1711730400,1711794600,,,1711731000,,,,,,,,,,,,,,,
,5489617775,7C4056,,,,FALSE,Estimated dep 00:40,green,,FALSE,estimated,departure,green,,1711730400,1711759200,738,,,,,,,Jeju Air,7C,JJA,Jeju Air,Asia/Singapore,28800,+08,,FALSE,4,,G7,PUS,RKPK,Asia/Seoul,32400,KST,Korea Standard Time,FALSE,I,,,Busan Gimhae International Airport,35.17952,128.938202,South Korea,KR,207,Busan,TRUE,,1711730400,1711753500,,,1711730400,,,,,,,,,,,,,,,
,5487618399,IX681,,,,FALSE,Scheduled,,,FALSE,scheduled,departure,gray,,,,B738,Boeing 737-86N,800B9D,VT-GHE,,,,Air India Express (Kathakali-Bharatanatyam Livery),IX,AXB,Air India Express,Asia/Singapore,28800,+08,,FALSE,2,,F53,TRZ,VOTR,Asia/Kolkata,19800,IST,India Standard Time,FALSE,,,,Tiruchirappalli International Airport,10.76536,78.709717,India,IN,102,Tiruchirapalli,TRUE,,1711730700,1711746600,,,,,,,102,India,IN,IND,FALSE,TRUE,TRUE,TRUE,Air India Express,IX,AXB,https://images.flightradar24.com/assets/airlines/logotypes/449.png
,5487645315,SQ231,,SIA231,,FALSE,Estimated dep 00:45,green,,FALSE,estimated,departure,green,,1711730700,1711759500,A388,Airbus A380-841,76CD77,9V-SKW,,,,Singapore Airlines,SQ,SIA,Singapore Airlines,Asia/Singapore,28800,+08,,FALSE,3,,B2,SYD,YSSY,Australia/Sydney,39600,AEDT,Australian Eastern Daylight Time,TRUE,1,4,61,Sydney Kingsford Smith Airport,-33.946098,151.1772,Australia,AU,14,Sydney,TRUE,,1711730700,1711759800,,,1711730700,,,,199,Singapore,SG,SGP,FALSE,TRUE,TRUE,TRUE,Singapore Airlines,SQ,SIA,https://images.flightradar24.com/assets/airlines/logotypes/32.png
,5487645379,SQ255,,SIA255,,FALSE,Estimated dep 00:55,green,,FALSE,estimated,departure,green,,1711731300,1711760100,A359,Airbus A350-941,76CD11,9V-SHQ,,,,Singapore Airlines,SQ,SIA,Singapore Airlines,Asia/Singapore,28800,+08,,FALSE,3,,B6,BNE,YBBN,Australia/Brisbane,36000,AEST,Australian Eastern Standard Time,FALSE,I,,,Brisbane Airport,-27.388636,153.126251,Australia,AU,14,Brisbane,TRUE,,1711731300,1711759500,,,1711731300,,,,199,Singapore,SG,SGP,FALSE,TRUE,TRUE,TRUE,Singapore Airlines,SQ,SIA,https://images.flightradar24.com/assets/airlines/logotypes/32.png
,5487648716,TR18,,TGW18,,FALSE,Estimated dep 00:55,green,,FALSE,estimated,departure,green,,1711731300,1711760100,B789,Boeing 787-9 Dreamliner,76BD49,9V-OJI,,,,Scoot,TR,TGW,Scoot,Asia/Singapore,28800,+08,,FALSE,1,,C20,MEL,YMML,Australia/Melbourne,39600,AEDT,Australian Eastern Daylight Time,TRUE,2,,14,Melbourne Airport,-37.665794,144.837296,Australia,AU,14,Melbourne,TRUE,,1711731300,1711759200,,,1711731300,,,,199,Singapore,SG,SGP,FALSE,TRUE,TRUE,TRUE,Scoot,TR,TGW,https://images.flightradar24.com/assets/airlines/logotypes/655.png
,5487666085,3U3770,,,,FALSE,Scheduled,,,FALSE,scheduled,departure,gray,,,,320,,,,,,,Sichuan Airlines,3U,CSC,Sichuan Airlines,Asia/Singapore,28800,+08,,FALSE,,,11,CTU,ZUUU,Asia/Chongqing,28800,CST,China Standard Time,FALSE,,,,Chengdu Shuangliu International Airport,30.57852,103.946999,China,CN,46,Chengdu,TRUE,,1711731300,1711748700,,,,,,,,,,,,,,,,,,
,5487648813,TR396,,,,FALSE,Estimated dep 01:10,green,,FALSE,estimated,departure,green,,1711732200,1711761000,32Q,,,,,,,Scoot,TR,TGW,Scoot,Asia/Singapore,28800,+08,,FALSE,1,,D38,MNL,RPLL,Asia/Manila,28800,PST,,FALSE,3,,,Manila Ninoy Aquino International Airport,14.50864,121.019501,Philippines,PH,174,Manila,TRUE,,1711731600,1711746000,,,1711732200,,,,,,,,,,,,,,,
,5487648899,TR898,,,,FALSE,Scheduled,,,FALSE,scheduled,departure,gray,,,,789,,,,,,,Scoot,TR,TGW,Scoot,Asia/Singapore,28800,+08,,FALSE,1,,C23,TPE,RCTP,Asia/Taipei,28800,CST,China Standard Time,FALSE,1,1B,,Taipei Taoyuan International Airport,25.07773,121.232803,Taiwan,TW,218,Taipei,TRUE,,1711731600,1711748100,,,,,,,,,,,,,,,,,,
,5487663531,YG9034,,,,FALSE,Scheduled,,,FALSE,scheduled,departure,gray,,,,75F,,,,,,,YTO Cargo Airlines,YG,HYT,YTO Cargo Airlines,Asia/Singapore,28800,+08,,FALSE,,,,HGH,ZSHC,Asia/Hong_Kong,28800,HKT,Hong Kong Time,FALSE,,,,Hangzhou Xiaoshan International Airport,30.2295,120.434402,China,CN,46,Hangzhou,TRUE,,1711731600,1711748400,,,,,,,,,,,,,,,,,,
,5489912123,YG9192,,,,FALSE,Scheduled,,,FALSE,scheduled,departure,gray,,,,75F,,,,,,,YTO Cargo Airlines,YG,HYT,YTO Cargo Airlines,Asia/Singapore,28800,+08,,FALSE,,,,HIA,ZSSH,Asia/Shanghai,28800,CST,China Standard Time,FALSE,,,,Huai'an Lianshui Airport,33.777222,119.147781,China,CN,46,Huai'an,TRUE,,1711731600,1711747800,,,,,,,,,,,,,,,,,,
,5486847700,5J804,,,,FALSE,Scheduled,,,FALSE,scheduled,departure,gray,,,,A339,Airbus A330-941,75875F,RP-C3907,,,,Cebu Pacific,5J,CEB,Cebu Pacific,Asia/Singapore,28800,+08,,FALSE,4,,G18,MNL,RPLL,Asia/Manila,28800,PST,,FALSE,3,,,Manila Ninoy Aquino International Airport,14.50864,121.019501,Philippines,PH,174,Manila,TRUE,,1711732200,1711746600,,,,,,,174,Philippines,PH,PHL,FALSE,TRUE,TRUE,TRUE,Cebu Pacific,5J,CEB,https://images.flightradar24.com/assets/airlines/logotypes/99.png
,5487260437,3U3920,,,,FALSE,Scheduled,,,FALSE,scheduled,departure,gray,,,,320,,,,,,,Sichuan Airlines,3U,CSC,Sichuan Airlines,Asia/Singapore,28800,+08,,FALSE,2,,E27,TFU,ZUTF,Asia/Chongqing,28800,CST,China Standard Time,FALSE,1,,,Chengdu Tianfu International Airport,30.319,104.445,China,CN,46,Chengdu,TRUE,,1711732200,1711749600,,,,,,,,,,,,,,,,,,
,5487645435,SQ306,,SIA306,,FALSE,Estimated dep 01:20,green,,FALSE,estimated,departure,green,,1711732800,1711761600,B77W,Boeing 777-312(ER),76CEFA,9V-SWZ,,,,Singapore Airlines,SQ,SIA,Singapore Airlines,Asia/Singapore,28800,+08,,FALSE,3,,A13,LHR,EGLL,Europe/London,0,GMT,Greenwich Mean Time,FALSE,2,,,London Heathrow Airport,51.471626,-0.467081,United Kingdom,GB,235,London,TRUE,,1711732200,1711783200,,,1711732800,,,,199,Singapore,SG,SGP,FALSE,TRUE,TRUE,TRUE,Singapore Airlines,SQ,SIA,https://images.flightradar24.com/assets/airlines/logotypes/32.png
,5487645877,SQ826,,,,FALSE,Scheduled,,,FALSE,scheduled,departure,gray,,,,359,,,,,,,Singapore Airlines,SQ,SIA,Singapore Airlines,Asia/Singapore,28800,+08,,FALSE,3,,A1,PVG,ZSPD,Asia/Shanghai,28800,CST,China Standard Time,FALSE,2,29,,Shanghai Pudong International Airport,31.14337,121.805199,China,CN,46,Shanghai,TRUE,,1711732500,1711751400,,,,,,,,,,,,,,,,,,
,5487645731,SQ656,,,,FALSE,Scheduled,,,FALSE,scheduled,departure,gray,,,,787,,,,,,,Singapore Airlines,SQ,SIA,Singapore Airlines,Asia/Singapore,28800,+08,,FALSE,2,,F40,FUK,RJFF,Asia/Tokyo,32400,JST,Japan Standard Time,FALSE,I,,,Fukuoka Airport,33.585941,130.450607,Japan,JP,111,Fukuoka,TRUE,,1711732800,1711753800,,,,,,,,,,,,,,,,,,
,5487645739,SQ672,,,,FALSE,Scheduled,,,FALSE,scheduled,departure,gray,,,,787,,,,,,,Singapore Airlines,SQ,SIA,Singapore Airlines,Asia/Singapore,28800,+08,,FALSE,2,,,NGO,RJGG,Asia/Tokyo,32400,JST,Japan Standard Time,FALSE,1,,,Nagoya Chubu Centrair International Airport,34.85841,136.805405,Japan,JP,111,Nagoya,TRUE,,1711732800,1711755000,,,,,,,,,,,,,,,,,,
,5487664079,ZG54,,,,FALSE,Scheduled,,,FALSE,scheduled,departure,gray,,,,788,,,,,,,Zipair,ZG,TZP,Zipair,Asia/Singapore,28800,+08,,FALSE,1,,,NRT,RJAA,Asia/Tokyo,32400,JST,Japan Standard Time,FALSE,1,,,Tokyo Narita International Airport,35.764721,140.386307,Japan,JP,111,Tokyo,TRUE,,1711732800,1711757100,,,,,,,,,,,,,,,,,,
,5487323520,CX714,,,,FALSE,Estimated dep 01:25,green,,FALSE,estimated,departure,green,,1711733100,1711761900,359,,,,,,,Cathay Pacific,CX,CPA,Cathay Pacific,Asia/Singapore,28800,+08,,FALSE,4,,G20,HKG,VHHH,Asia/Hong_Kong,28800,HKT,Hong Kong Time,FALSE,1,,,Hong Kong International Airport,22.309616,113.916237,Hong Kong,HK,99,Hong Kong,TRUE,,1711733100,1711747200,,,1711733100,,,,,,,,,,,,,,,
,5487637084,O37348,,,,FALSE,Scheduled,,,FALSE,scheduled,departure,gray,,,,73F,,,,,,,SF Airlines,O3,CSS,SF Airlines,Asia/Singapore,28800,+08,,FALSE,,,,SZX,ZGSZ,Asia/Shanghai,28800,CST,China Standard Time,FALSE,,,,Shenzhen Bao'an International Airport,22.638775,113.803993,China,CN,46,Shenzhen,TRUE,,1711733100,1711748400,,,,,,,,,,,,,,,,,,
,5487019362,SQ478,,SIA478,,FALSE,Estimated dep 01:30,green,,FALSE,estimated,departure,green,,1711733400,1711762200,A359,Airbus A350-941,76CDAD,9V-SMM,,,,Singapore Airlines,SQ,SIA,Singapore Airlines,Asia/Singapore,28800,+08,,FALSE,3,,,JNB,FAOR,Africa/Johannesburg,7200,SAST,South Africa Standard Time,FALSE,A,,,Johannesburg OR Tambo International Airport,-26.139099,28.246,South Africa,ZA,205,Johannesburg,TRUE,,1711733400,1711771800,,,1711733400,,,,199,Singapore,SG,SGP,FALSE,TRUE,TRUE,TRUE,Singapore Airlines,SQ,SIA,https://images.flightradar24.com/assets/airlines/logotypes/32.png
,5487623130,KE646,,,,FALSE,Scheduled,,,FALSE,scheduled,departure,gray,,,,B77W,Boeing 777-3B5(ER),71C011,HL8011,,,,Korean Air,KE,KAL,Korean Air,Asia/Singapore,28800,+08,,FALSE,4,,G19,ICN,RKSI,Asia/Seoul,32400,KST,Korea Standard Time,FALSE,2,,,Seoul Incheon International Airport,37.46907,126.4505,South Korea,KR,207,Seoul,TRUE,,1711733400,1711756200,,,,,,,207,South Korea,KR,KOR,FALSE,TRUE,TRUE,TRUE,Korean Air,KE,KAL,https://images.flightradar24.com/assets/airlines/logotypes/91.png
,5487645531,SQ346,,SIA346,,FALSE,Estimated dep 01:40,green,,FALSE,estimated,departure,green,,1711734000,1711762800,B77W,Boeing 777-312(ER),76CEEC,9V-SWL,,,,Singapore Airlines,SQ,SIA,Singapore Airlines,Asia/Singapore,28800,+08,,FALSE,3,,B10,ZRH,LSZH,Europe/Zurich,3600,CET,Central European Time,FALSE,2,,,Zurich Airport,47.464722,8.549167,Switzerland,CH,216,Zurich,TRUE,,1711733400,1711781400,,,1711734000,,,,199,Singapore,SG,SGP,FALSE,TRUE,TRUE,TRUE,Singapore Airlines,SQ,SIA,https://images.flightradar24.com/assets/airlines/logotypes/32.png
,5487645686,SQ618,,,,FALSE,Scheduled,,,FALSE,scheduled,departure,gray,,,,787,,,,,,,Singapore Airlines,SQ,SIA,Singapore Airlines,Asia/Singapore,28800,+08,,FALSE,2,,F58,KIX,RJBB,Asia/Tokyo,32400,JST,Japan Standard Time,FALSE,1,,35,Osaka Kansai International Airport,34.427299,135.244003,Japan,JP,111,Osaka,TRUE,,1711733400,1711755300,,,,,,,,,,,,,,,,,,
,5487648734,TR138,,,,FALSE,Scheduled,,,FALSE,scheduled,departure,gray,,,,788,,,,,,,Scoot,TR,TGW,Scoot,Asia/Singapore,28800,+08,,FALSE,1,,D42,TSN,ZBTJ,Asia/Shanghai,28800,CST,China Standard Time,FALSE,T1,,,Tianjin Binhai International Airport,39.124352,117.3461,China,CN,46,Tianjin,TRUE,,1711733400,1711754700,,,,,,,,,,,,,,,,,,
,5487623789,KL836,,KLM836,,FALSE,Estimated dep 01:50,green,,FALSE,estimated,departure,green,,1711734600,1711763400,B77W,Boeing 777-306(ER),48455F,PH-BVB,,,,KLM,KL,KLM,KLM,Asia/Singapore,28800,+08,,FALSE,1,,D34,AMS,EHAM,Europe/Amsterdam,3600,CET,Central European Time,FALSE,,,,Amsterdam Schiphol Airport,52.308609,4.763889,Netherlands,NL,155,Amsterdam,TRUE,,1711734000,1711783800,,,1711734600,,,,155,Netherlands,NL,NLD,FALSE,TRUE,TRUE,TRUE,KLM,KL,KLM,https://images.flightradar24.com/assets/airlines/logotypes/8.png
,5487413237,OZ754,,,,FALSE,Estimated dep 02:20,yellow,,FALSE,estimated,departure,yellow,,1711736400,1711765200,77L,,,,,,,Asiana Airlines,OZ,AAR,Asiana Airlines,Asia/Singapore,28800,+08,,FALSE,3,,,ICN,RKSI,Asia/Seoul,32400,KST,Korea Standard Time,FALSE,1,,,Seoul Incheon International Airport,37.46907,126.4505,South Korea,KR,207,Seoul,TRUE,,1711734300,1711756500,,,1711736400,,,,,,,,,,,,,,,
,5487666567,5J544,,,,FALSE,Scheduled,,,FALSE,scheduled,departure,gray,,,,320,,,,,,,Cebu Pacific,5J,CEB,Cebu Pacific,Asia/Singapore,28800,+08,,FALSE,4,,,CEB,RPVM,Asia/Manila,28800,PST,,FALSE,2,,,Cebu Mactan International Airport,10.30754,123.979401,Philippines,PH,174,Cebu,TRUE,,1711734300,1711747800,,,,,,,,,,,,,,,,,,
,5487637021,O37072,,,,FALSE,Scheduled,,,FALSE,scheduled,departure,gray,,,,73F,,,,,,,SF Airlines,O3,CSS,SF Airlines,Asia/Singapore,28800,+08,,FALSE,,,,SZX,ZGSZ,Asia/Shanghai,28800,CST,China Standard Time,FALSE,,,,Shenzhen Bao'an International Airport,22.638775,113.803993,China,CN,46,Shenzhen,TRUE,,1711734600,1711748100,,,,,,,,,,,,,,,,,,
,5489819553,O37604,,,,FALSE,Scheduled,,,FALSE,scheduled,departure,gray,,,,73F,,,,,,,SF Airlines,O3,CSS,SF Airlines,Asia/Singapore,28800,+08,,FALSE,,,,SZX,ZGSZ,Asia/Shanghai,28800,CST,China Standard Time,FALSE,,,,Shenzhen Bao'an International Airport,22.638775,113.803993,China,CN,46,Shenzhen,TRUE,,1711734600,1711754700,,,,,,,,,,,,,,,,,,
,5486999831,QR945,,,,FALSE,Scheduled,,,FALSE,scheduled,departure,gray,,,,359,,,,,,,Qatar Airways,QR,QTR,Qatar Airways,Asia/Singapore,28800,+08,,FALSE,1,,,DOH,OTHH,Asia/Qatar,10800,+03,,FALSE,,6,,Doha Hamad International Airport,25.272524,51.608604,Qatar,QA,179,Doha,TRUE,,1711735200,1711764000,,,,,,,,,,,,,,,,,,
,5487322040,CI756,,,,FALSE,Estimated dep 02:00,green,,FALSE,estimated,departure,green,,1711735200,1711764000,A333,Airbus A330-302,8991B0,B-18301,,,,China Airlines,CI,CAL,China Airlines,Asia/Singapore,28800,+08,,FALSE,3,,11,TPE,RCTP,Asia/Taipei,28800,CST,China Standard Time,FALSE,1,1A,,Taipei Taoyuan International Airport,25.07773,121.232803,Taiwan,TW,218,Taipei,TRUE,,1711735200,1711752000,,,1711735200,,,,218,Taiwan,TW,TWN,FALSE,TRUE,TRUE,TRUE,China Airlines,CI,CAL,https://images.flightradar24.com/assets/airlines/logotypes/86.png
,5487606348,ET639,,,,FALSE,Scheduled,,,FALSE,scheduled,departure,gray,,,,788,,,,,,,Ethiopian Airlines,ET,ETH,Ethiopian Airlines,Asia/Singapore,28800,+08,,FALSE,2,,F54,ADD,HAAB,Africa/Addis_Ababa,10800,EAT,East Africa Time,FALSE,2,,,Addis Ababa Bole Airport,8.977889,38.799309,Ethiopia,ET,71,Addis Ababa,TRUE,,1711735200,1711768200,,,,,,,,,,,,,,,,,,
,5487648708,TR2,,TGW2,,FALSE,Estimated dep 02:00,green,,FALSE,estimated,departure,green,,1711735200,1711764000,B788,Boeing 787-8 Dreamliner,76BCC2,9V-OFB,,,,Scoot,TR,TGW,Scoot,Asia/Singapore,28800,+08,,FALSE,1,,,SYD,YSSY,Australia/Sydney,39600,AEDT,Australian Eastern Daylight Time,TRUE,1,4,50,Sydney Kingsford Smith Airport,-33.946098,151.1772,Australia,AU,14,Sydney,TRUE,,1711735200,1711764000,,,1711735200,,,,199,Singapore,SG,SGP,FALSE,TRUE,TRUE,TRUE,Scoot,TR,TGW,https://images.flightradar24.com/assets/airlines/logotypes/655.png